id,score
b258286cc84b4f068f0ac295ceb49240,507
1c43bea8401d4156baa9f1ceff507547,507
69d0c10c56f44585a3e56c1fae1dce48,507
287bdbc3bd984623af6c0158a50ba227,516
31cefd6c67dd4d6599045e68355c97d2,516
fa4d2f69a4ed448282d4c3710a47a0f2,516
9dd3d7e5605841acb98d758e56fe6325,531
dda7234344c348a4932aa31ebe0f59ba,533
ae8b7f850b7c4be0ae82f993c26d833d,546
2d410cd5f4e843808343e14d2ce26373,546
e98bb557197944e590aad54e6fc2f91c,546
2e375b98f4f34d79bca44e5510acff22,546
a793e35c68464816b4745d5d53f66e6b,546
40fea3c52361429a8724ae6c793e34a7,546
7962e2d2c4c043eab37b6c6f01af485b,546
a7ab25ebd35f42348ff6758c72056dcd,546
bfdc10ff3e614f34a7ec98bcad22214c,546
32fb62e7dd264962ab229c1a6beab7b8,546
4819ec59cd764f8ebb88a1d4166a95fe,546
992576d6173f42fd99d67ae1d30da844,547
6d740d1fe58a45b384bc81d4af829628,547
b6c1aa0294564d1db487ff1cfd0b7376,547
dd33cc8a23f54af9b36a8f998ad8850e,547
7897badd49d846538006acd4eabeeed1,547
f0157ee5450c416ba2b8e6ea40d1be20,547
ef43800b02214157b50cddf4a9b826bc,547
a4ae5a7fa8fe4d52b811c2a5eda1a8b7,547
69ebdf7308624399a059d6ebdeeb4270,547
0d1d09b277d14494b48ca770351f02e6,547
6bd9cfee1a2f4ea2bea71d72b000dccb,548
97a16318089a442ea61c9d918fe80375,548
7916d8ef67c343409111dd165e641789,549
96a9541794d44de88d999f2801027c25,549
2032ad3f68ed422ba95a3a2e6983909e,549
e0ae2db6fa874bbabf1f4d137422fcea,549
a064f1e46fe04c09ad68729defe0b637,551
78b85d762f544461a33d97f9bfa6e3fa,551
8f0dfb6bb72443c8a744798c2fa6d81e,551
ba132dc00f424b128c77975a6b974b76,551
a5cf80aa736941dc82fa1821f841b2d4,551
f5d4e2b486994ce19ca8475490ada853,551
6d9b719535d5400cabbf34eec73d629b,551
e1e1e039349540a09320e8a2be17df59,551
502b780fa2334cf899f58147b47999bc,551
f1f862c97bec4d36837bc670ae43e3c0,551
0ccb766230d94f58b2378d37ce09daac,551
1dec8e6b96e647a5a0ea428d5cb92dc5,552
e964105a5eff48419df2b40fb5755a17,552
d1c8d80afc39493bb62d0a688fc10a79,552
43852ba9ff85425cb70a5eb1429d1726,552
2c30f420833042c29c6e86674f4f9974,552
8f9cdd49cddd412191c25675a3255b59,552
78ac69c3f7fc4cdb8ff71ab280f03d55,552
a0cc539ccb2746e894ecb7d14833ba31,552
7db0aac2f85940bc927533c57d8c5068,552
dcb21330ae68458993ce16d7c2369a5c,552
9e76be08a4854902a6a797a637732707,552
31e5c3a74a3b4223b381511c39d81bac,552
b03eecf911bb46359543ea7336ad38fd,552
df7ecf0a6c2d41cdaa660194fe21e2c2,552
2e5ef4e97cde4633983a48c323c5ca55,552
764d18c242704e57a18ea41ad4dafd8b,554
1739e1b6d9134df98b641ceb63c45252,554
cabbb16453b94a9a9300b5962cd368c9,554
7cdc052f5649460e951bf72e4f1126bd,554
cf76ef8dfd0f4345b395eb77e07d73a2,554
b2c3176dadbe4988b3538512c0e9afb2,554
cf2ca0ba9f6c4facbc76b1e5b72e1b68,554
51bf40fb71274f09bf2f07e0036ca74d,554
3666df4c1faf463a9caf719d76c24b1d,554
a439dbd6bdcf47679bcd4d92dafb8dd3,554
9f5ef8b7f48a4a49b992af3b8ef1453e,555
c7248084781a4d638435bcab2fc15298,555
c2a3ade83c7740938c7b7ea45cd67aec,555
92f1d2cdc1eb4ecba5d5b727d68df3b3,555
6804d140a2134afea5393f47269d1046,555
a3bfdf5a4ffc4be5a06a09f75dd07a56,555
a85be1433fd74b12bacda03bfefa056f,556
f7bc4deafbac4f07a7f41b6749739138,556
47acc5b79cf44bfab2fe45b4bf89edf8,556
92e8b4ab93d54e45ad13139d503d2d39,556
c078372422a340a7b558dee7a7d00170,556
a07abc0cde07465fadcf87abdae9f77e,556
9c5fcea2640e4628a4384313388310b6,556
1df1e12ec737402fb3b266a725ceeec9,556
bea2c7c0312b415c84d619d6f0846155,560
c1afb253ec46415995866d40ff6a74b9,560
1618f538c9ba42aeb815a117a846b374,563
25eee59fa8c845639a8ceedf8ff6dd80,563
ae451fd1b357461e90a6cc3be96555f8,563
0ff60153af01480f9cb6971773d3610d,563
f74aaaf66f6a44b88de1baffdf5a4ae4,563
085077fb74dc407084d0cb1618b1fddc,566
efa6b44cf8454f16b3f9eaaad665f60c,566
406f0b4401f8418c84cf6494ca0b42ad,566
ddc4af796ede455ab04e8184ca93b58f,568
3f0d9d305f28426a95b5abf2129f0f11,568
6c085e90c5a246e297ab053100393793,568
357a5a04866f418491d315fc558cd772,568
17068cf94c844d9fb75610fcc8279f77,568
0489a0cb9c0d436592a25aaa97e81cc0,568
3cf458f159ee4f69b520b6de48a1f22a,568
acb3fa1c674f493eb993a26bbea4a4e8,568
a6b5f11500534a5fb8ee485ce912b70b,568
dfca6e1ed20a46cd88109ca7bfab7fa2,568
5fd7285e46724a788dfacb6b189a59bb,568
b851394c752d4af2bb5329c25eb42dfb,568
84a31042ff8a4370822b7fe2fe6859f7,568
a2c9ddda329b49158d330e7c97c020fe,568
a6e07914dd25423c9a7fe1d551875fd9,568
ea918d05814447a29f9fe4b7ead8a181,568
64c28208548f469fbff09e265e880d00,568
e1215a0edc7a4165a14340afd81b3070,568
b4b29f760df34f5dbebd7c57e7a03b70,568
71492bac9d1348c58c8135b3b780858e,573
b7437f06d7324372820cb8fe73a795bd,573
8b55ddab79524f67b8a1b5cabe2c68e3,573
74aa1cfa478d43eba3101b10fa679a37,573
b1c7013e045a4fb48e250cca3ab4b1b4,573
c63095fc240d4f0fa9ecb886cc23cb5f,573
69c8988078664f83afd2a45f6d6194b4,573
9b72780abef049bd9d60732191fe1d0d,573
aa2c6861a98f4ccc85a31dc2687c77af,573
60120d63d0574a96b8e0f53a6fd80d9d,575
dd52f23995194dd79082a35b1d4267cc,575
1549980468d142d4ab3f8bab1aad9cf9,575
a840fb487c84489fb1f33ec4a6993e11,575
72cff4cb0087472faa4a253c72ee4d66,575
fe90b5ab6ec64d0c9ea6847b1693234e,575
029c5bf617d04975a01c0537bd22afca,575
c85c8050747445bb8aa04c49670d2345,575
3735838482724406b3682af58f8b8808,575
5347e97cf6dd432e9a592d0dcc0cf7ca,574
966a6c852fbd44fb9af84716f8b18f6a,574
25adb1234f6f403bb869799695e676bb,574
28fbce67dab64ffcbba0b6c788a5a1d2,575
6577a9d31bc14c2ebe2a51076518be72,575
3a92900b11e6492287c79d46f04ae102,575
ac44ce83c5794c9f888a1f4e545813c9,575
0fa8b3035c2e4524b262151e472c2ce2,575
c9a47bd34ae3438c992c4e14c2912dec,575
c4abebc4c70c4756857c4f0a203db3ed,575
512b8157ef1d4f14a6917fcc26a69e50,575
4e4bce6517c24a51856e82899efac46f,578
dcfc64c64c91479bb9dd42ef32fb6ef7,578
a7090d839cda4f528f1fd27df617178c,578
490c68550698458f86dfe24cffcdc60f,578
f122865c27cc4bb5b67e19c059467b63,578
9ec2825d4f2644b590f205f21b8e935e,578
aa8c77ff03fb48be9eb0d7fbdee96640,580
c6f6069b350e472992fa98ccdee8cebd,580
3ffe53ff54874fb49e20028a40af390f,580
a3f7db5fdfc94a9da2dfea2e0809307d,580
ef519423a360442aa73f58b85db22bf1,580
42d4a07d5e9248438743857a227cf40a,580
90120e0ac3da4282af5d3e0ded28c1a4,580
17fa50a5375c41bab535ee44c7c074b2,580
692c092c648a4296bdc9f10f4353e065,583
096f903dd9544306a8dbb1a6a5498f59,583
33858b8a6c9f47b2b9c99db5c0e06f1d,584
1a7325bf73454014a4ba4a7e32292179,584
3277b1c500da4c238bf78322f6ff985b,584
c6bb6817dafa4a43ba8fac4d8a61c356,584
a2ecbc5ce70b4a8cbee1a4870a215e34,584
a04f2e48ad83490aa05b767ff039a28f,583
90a244edd3254288adeff0eeafaf4c8c,583
157a845808c841e4be146c88daa6ee20,583
e4f3f572532040508100fcfc6e50bd98,583
ce6e3b23df534b9f84894845adab9e34,583
965aa1fe6e4146698f55fc7a7ac5e1d8,583
3b13a51ac63c468e8ba4c892d412aee6,583
39ac8abc4c084b35b17c3e12430f087e,583
97d2e16cdd554f18b8f7c6930d051d36,583
8e2b408d3d5848cdae44aa48a1daf1fc,583
1fcff54c5adc4c4cb8cdac877fc051e2,582
2944b6e274a64adb83c994d802add6e9,582
7157d5107afb4dae8153aad90249a42a,582
6b64be0792164edf9f8e353b15b6ecae,579
9f04ed5aba474323bd1ffbaed4d5d35f,579
3e30af27d89b427fba8024e08d219573,584
069055dd79d742eaa1857e71f8a9ee29,584
230b1836d7974aa1beaa2b9800ee8a29,584
997346d67fc04527afdc34dde7319054,584
b4346d94fee545139f611389ab55f9fe,584
74b2e362314d499baadc4ba4fc721dd3,584
bd06088871b543bea24e3a2ad2666d55,584
17f5fe213efc41f0b27e0e9c79616627,584
e0c1985cdbe44d0ca8a09250c78501b8,584
4b2d4266f1fe43019809f8db9d95f2cb,584
feb2954545c646af975829f041bd723a,584
5309ce68d05044b1a94c37c255c804a0,584
cccfc391200b43ffab23cfb1bb0dc728,590
19b46dc9664e412ab819441aafb7d1c6,590
87d0f67cddb44ab28f7cbaba31229868,590
7418a26521f74e4686eb3a47c9b05c3f,590
b3a944701b694c6881f4ad921cc453dd,590
ea1fd4587a604c84a3c83bf8dbdfd9ae,590
f7f88d0074f446f2ae7fb77e94ec6853,590
b86ce7d29b1d4d799ef01659f6197eb7,590
bf3821ef8a0143198f8d09db617ece1d,590
a6932abb7246412c91f1bf19c6607b31,590
b4b26797fd4b42aeb2f32205c73213bc,590
5bce6ad47d4a4fa1b1363cad1222725a,590
e86c7033f6354145bdc486e088518638,590
e769887666214732b75236dd508e3692,590
cf83f8726ae94f7c93a78a4ca1f910b9,591
977dabd6b8394dd0af603cd3e06c0c22,591
842bfbcf1f3a410783c1f4db0fbb5ebf,591
77d73a0e6fb7491795cc69a14432c9dd,591
8759b8c4bff3467d81d3b3843ec54fa6,591
a0f87ce0da3743b5b5c921a710adf39a,591
4e56ddbf5d14469b825e4c7ed8386890,591
a80fd4dbc78d478590348fb3b282dbca,591
bc4fac983484418ca9772ff3367ff92d,591
b98d1c4421cb4410a10efe0533320377,591
7be67a69f2624f029ecf9742cd4145f7,591
6ffabe2e4d524c1a8403a364fe34e60f,592
34f859522a7843b69f30f4a6daf9d8c4,592
0b4a10f7b59b4a3db0e5df32cf8b8fa6,592
7170a0867c3e471186c05d72f53b174e,592
e44913abbcba409d841a22e27e561367,592
c73e628989ac4f0e89f780c6be6ba557,593
6f7b0087398b4d98b99f90cc18a7b6f4,593
5090f10801674880a6d921ba62aa8e0f,593
8dd37be1bdc74f1b9d92e02a5618a6b6,593
64d9e01b02af483bba0f4073ae2e985a,593
12e975e0d7fe4c29a68e602123346ee3,593
2fe8978761e549799399c54d7c5ae00d,593
8ff6d5a948c44b53aa93a1ac2ce7a5cb,593
6998eb507b7d4c31a97643bf7eec28c0,595
ac887b1e255e46208a738d7ee9656654,595
6854738754a94d2b81ee4702c2800339,595
dcc9ff73867f416d98fbb8396108e413,595
568951be350d4222ba195655c45a913d,595
23c61ee7b905439fbeeb4a86e2176c88,595
9b62363bb2ae40808952b565d3148fd0,595
98690118a56245848f400b5ce93f5f0e,595
a9e331824d764f1b8481032037638eb7,598
28142a2b676f4b8b9541b8a76314a56f,598
e62e081c08c54afcb63c0e54b3d44369,598
a0197194115c45de9f63d3f8cadd2cfb,598
94de963fc84948738adfd2dcccb7207e,598
9c819d5b5a5c485abfaa19205fdd365d,598
d9fad3cbbea644be9ac350b4133ea427,598
0fba5798024046c6a8cb5a122f1460ec,596
2f3065657ef54381be7875b5e00066e1,594
849e61e7560041dea7a8d64aac425b99,594
66671673e0624114bb33cc5aaf59779e,594
aea4c36d9e6f4dec9a9c4ee4596ddfc4,594
77ba95de3ea7401cac1743e68334ffa3,594
eca9e2d14e80447e88f25464dff3e2af,594
a77def00e9834abdb60da3346ce0c52a,594
05fbf85fe08c4c0e883591234aa6c129,594
7e91e04f09804cde91a8ca1e5c410436,594
d60c64d48bf242349e9f83be82402405,594
156428b4354f4fa1882cc1b4d3ef1040,594
5291c61b5b90495abcd279ff22be88c9,594
a25d678e285e4a5d843235592f3e4196,594
0789e998bf14458993fba78eb9e73122,594
1a96c0b1aafa4b7fa9d2c394cc1ad6ef,595
4bee761028e142ad86ce7c7bc1f809dd,595
3be8bd1567794ba5a690881fd8aab051,595
5becea95146a425595355cc72b60d501,595
37b5cf85a579497e9b38c8a57ea1be2c,595
f0763e91b4f845f499eb48951e0fc39d,595
51fa20f752dc4dac962e0f19a88eb028,595
6762a17242df441fa98a684daedca7d4,594
3185c713859e4ae1a99cf46e55db7591,595
794f9e6bc9ba47bf831bc838140ea7e0,598
f41309430b9940afacd72b8e77900454,598
4ad4cf5d4aee47ae81369ddceeb4286b,594
0d7456cf2f4f4b56be27ece1758702e2,594
0308a03bfbc4492b8274a50e8135181c,594
54169063f30c42019217b71a229e4796,594
47316477fecc4109879eee5a8332d8ab,594
4224a290696b4069b3cffaef28f3e574,594
f6c0c0d098674ff2a8b3e5bc6568f5fe,594
35ddce5c1f0c432c9d28c2d72279f800,594
2b6504708bbf4dc2bed9632d39931fa4,594
4b0429aaf944462998fae918523dd528,594
05b7b181265948878357e36829ff2f7e,602
6abd9d3b4251434da952626adaec697e,602
ee5b989154a44b8c802c63456481f780,602
a32e7bf5fcad46e0aedd3a90dba9d7f6,602
ab23ea3ccd31494aa90be5e55236ac4a,602
3941d5010eac4be48cfb7f49f1f712aa,602
8a2183ee475a45319054d34a6e429f5a,602
26145bbaac664bf4bdfe2b86e95b2356,602
31e5ddfc77c446ceb1b53e83f09c580c,602
dd3571b8d6f64a68a465d2ce86b1c6e7,602
f61d876adf5c4d4ea262611cd9a5b096,602
030dfe2ecdb946a0b48bf596b56da384,602
c2b2d994e0444b888c41234c0620f693,602
37f1528fb2b04959981f44a446d85064,602
d423f974d4b94cc68461232aeb54eb12,601
4d29b900648c416c99f1c6bcccfa1fb4,601
9f307b2e80f64435b0ac84ca3556322d,601
24af01cfdc644b4abe3a8de37afee98f,601
b3e22e37ae234ee6b0a076fbf14b7418,601
653d9957fb2e4b8fb12765bf5c2c05c2,600
ada795559c154a95a10cadd6feec9911,600
b36eb985593340fea03b866ae1501322,600
8062f55b27b34907a23aee5d2c560434,600
eac799d5e7cc4e6d9e6eda9b97cdca50,600
2728df4eecc94417becf18724402f234,600
93b5a125ccf9477b829c652c6736716c,600
450042bc8986485e83fa624ebb5f54ff,600
d7917818db274e94860c2bcdb6ad6478,600
a2c7c0b6b4bb4fffb93845f9fae86e8b,600
eeba6a1b9492497b930ba104f194a66d,600
8580974123bb4c7dbf31fbbd38ae2530,600
f75ab6a396a34e7aa56465a9345a00b2,600
d415f943898e41b0b36366240d12200d,600
6fb9de4b03d7402d922edbf307536cfa,600
3930b253824440eeabaa4b025f806be4,600
41d69f780b6b4fa0afe7850de13a2f7d,600
923ea27b493c4d6b9c5c81b037b1d954,600
7958ff30856046908f2467950a596f87,600
7066492118254d8381b3e87d36c52b97,600
7d3943c1eb024e489f11b000348bbf83,600
154b01d7843b4b2bb084eb2105579446,600
7c287ef80c9643d9a54866dcda187e7a,602
80c172a1633f4409ac15403fcca41666,602
e110244baaf04fabaee06bcc7a4f6b6b,602
b4bc1f850faf4a0f89c47c22c07d45c7,602
95649e7c8175452a9ebb0e88292ede59,602
2d22ac3a767f4c53bde9ea430702c600,602
d7a2baf7e8b34a6097a1f9a22dda4c5d,602
355e146357f44c6ea12d9e0dd8516a35,604
7b6c0bbb8d6246718779ba31a842ab80,604
0b32783fe4da45c8bce45a32fbb6d6f2,604
94bfdb15975042eebea40d0b22015a06,605
3768c8cabc76456fbd4ce83bec33856c,605
88f3584323ad4cb6a6b6822d2c663978,605
6ea88b6d4ef14f8fb22ecc121a37d9dd,605
3c84885771534a1ab14efcab944ecf8c,605
6f0f69fde06d4ef2bab45ee639153238,605
baf2506d2c2d419d9e1deb683c7d2838,605
3d1048d5292f403ab0870eb2807ce988,605
c668e66dd65444999c80b326c111bea6,605
cd1d05860aea4082b8e1db3d9f8727cb,605
416ee0fb1f7e4201b609ae3adb9470e6,606
2d5f085c06cb401db3be02ce1fda77e6,606
585ab6ea970d420d8e4ee08813b70a1d,606
43086556b33940eb8edd81bb0b05fbb5,606
3815efbf7cc247e2abd837f4fede1885,605
aaabb56ab0664878bb6b4fce6d1fafc2,605
d0b8e1944ecc49d9af60ce8444cc90ff,605
8511c3064082458185942bf679872418,605
737034fa6d294ad68fd2b10a811338ac,605
0b8b1b2b76574555a5e1cff91f29a824,605
b0a90486e61e476e9bf1e1686a1c769a,607
4a5fbccee5ee4527a7435b98857c25c2,607
e6733b93d6ab46b389259f11c26acd82,607
7e419b4a24494e908ffb53cd8a999cf8,607
2beaa479cfd748158a8cbc3dce80237f,607
a374331f8b114781ae18ad60acec9147,607
e3c2951493b248948f5bd20a55db7a12,607
cb462f693483456791c39168adc8d160,607
063f6185d94a4f84bbe831de853e2e43,606
c7b353ed34db4efc886b95e11afd30b5,606
c7b28bd036cd449d8c78f98de4e2921d,606
1beb4a1827d14de69160e8cf11e67940,606
2d960d074fc842adb32d88bc2b03d4ab,606
f001f4e4a2424a598d6bfcdffdaf5471,606
79a5cd34975945f8b617aefd3bb70259,606
96e516aaa8304ceba728d74e11044a2c,606
dd92e788bf3d4fd8888293c48f38b516,606
8553d9e0959f41089de33c7a3df2ce98,606
aa4168395ef7411290893a0cc8e75701,606
531116ab660640b28d676629cb0e8aa4,606
22e78b512c304118a0082c42d7b55025,609
772897de75ad40178beb3b274854d427,609
ba84b274930b47ab88e3a5bc3386da19,609
69dd0fed5a634f01a8c252f4c33f3d9b,613
b68964c3a2774394806f9d25669e5f06,613
1bed4bf778c24952aee3bf495c00d9fa,613
380906004b0e4455a3f41e66edafefa2,614
11d87605d2b64971b58e3299544764ed,614
c0582c26fabe42d882db3b4debb45160,611
d981b422bc32425596c91e5e40f95773,611
98e1c3b3a03949a6a6dd3dbff42cf91d,611
ba11eea9f3174f77b9ac2b370ff1cc13,611
bd40fe4cfcc14f08ac9987b8a8476f93,611
b4fd3d53ecdf458dad311c8511bf303e,611
9b0691c90d4a463f977d6857afb7db9e,611
88edb51f757e4ad9b4e13f372cdf3fb4,611
ab5efa10e08441a1acdb076fcd0ac8b1,611
d2ee01d7f71a475aa5d92d1e846fb6e1,612
cf6037206bf840e08ace9f2fdb70c315,612
16ca7941ebc44b98ba88718f3ce67ae3,612
a2c3ee8e1d764129a65934db41b52778,612
8ce762f95b124956bd0795494bb37275,612
6a79c20c70b84814b4308ad8b0e1b40b,612
93fd980dd9c44ac7942caafdcdbff807,612
686527fff7c24740b18396d774714a06,612
2b13223cf7bd4574886e396bdfe7c871,612
365525054fc74ad8990ef7b7b3579101,612
056f2dd35b83489184ab0c52070649b4,612
82ed2fa48db645f7bf6e1d7ae40b1238,612
96c0c03c495547ddb3961f934cfce297,612
5637c86b865145dfb6d8d1b1d724c2f7,612
8faade50b0354326b77a463fcd326391,613
1bcb465ad05d45c7a8229d76a40d8bb0,613
a16554a1596a40bea9754b7bd29c5ca3,613
feb814df33d2471284860612d3f43708,614
adf7121b3c0442ec8660eaf8a7c35ac7,614
a912885a9bd04284892c5da67f8222db,614
4c9bef0c33644c2c84f2cb69dafe57f1,614
0569d21650ca44269119565922725b7a,614
3a1681ead8d944e6a4ce0b27950a69e8,614
8b459d6f5fd4480284f3622bd5a9a327,614
b8f51d447834460f9421f65c3fae41b5,614
d001c1658634464f832b9cb954ee6ad0,614
cbf49af3bca04504880747829f66019e,614
53b783b850684db7bfdc5b77f7f9ceff,614
f8ca41b6f1d94d9c8b163d446f20605a,614
63907dc04b60479ba2e3f1a879ac4e3c,614
e72dca9d5c874730a801675a9c3d2031,613
5968ce0cafd846b8a14d541011fc35a1,613
926ac6d0a27947dda500cfe2cbf49399,613
df585ed6252d4fc78bad7cace52e6547,613
032b870fb2984baa84fb0a2b5795b380,613
f6e098df9c6346f99033408debb5e1c3,615
c3772fc405a8430c9ec81b31da9fd8ec,615
4b87c07e34f04673933d9bc3ff3bcb35,615
d3849788022d4437ba8fedb0eab31513,615
9502c3f1176f490a9d8151b4c26c25f2,615
b3db0c00ff844d97bf4585ef34f6a4a2,618
fcfbdf0e8e9d4c74a80e69336093bffd,616
df2f0ebad28e4e668db26118aa6ad7c0,616
4f1ff580460e46e8b5222f76c7843728,616
979efaea8d614973b5618d86d3eae363,616
be493e9bfafc4371ab28e3e639c6c4a9,616
52b5172cb02949a6978d6bd436c9400e,616
b99f8959a602456fbdfac97fd368a99b,616
b1158d6d26e642f3b0c051c7f8cfb8c3,616
2a8a67f4e73b426fbb15abcd32bd758a,616
b7b20754a49f4c96aa594773c1c4a58d,616
cd38370a6b7d450f86151fadaace0536,616
4d72187caa3f41fd846e1e8fa71e773c,616
90bc8c99437641f794888546d055bbdb,617
1f8230870d8c42eba8af79ed05cd319d,617
ababec2d74a04221892c0a293d97b246,617
0f8c786b1288437e8c6b0066b916fa3e,617
d4ba70e42c1546d18d64c72706046caa,617
a0616e05158641e6a2f75707bbb6e77e,617
20d9ed1933b24859a6e53f33fa6bbff1,617
9ba32ab3b1944c4c99d800e30f552273,617
55c36124730548e8bf33845b3b067ba9,621
40df9130a24b4d70b517eff5702cfabf,619
6ed3e9ccfbb04fc2b02f98055d55529b,621
6a20d19aa6e84d8b858a7e91ccff267f,621
b431db9d423a461c8483db62de615dcf,621
8cf5c60ff56c45b8b42a18925eceee74,621
37dd6d76494347bb9b43a3fb83ad32a6,621
9a17b27b43e347b49f1f6ab46300d17e,621
5d38efd8aa1e47bfa9f7080e328fc1c3,621
a90c4f37ab12425c89fac9e2c7ed873e,621
7c243d35d50c40f98af3fa6b6f0a5312,621
6b4c65309026424690d0e5e02a0b1c98,621
6ccbd83dc5244f64a5af564b1578173e,621
875d902459704465af6c6faa2d61b4ac,621
a1dbdbdd9cf14a3faa44c8b8e2f6abee,621
a318a8276e834961b5b1bbb6a683406b,621
47c8c079427f4261a632170483db1cc9,621
2c16ba1f461f4404a0f7de8f430f7bba,621
70b8238c685543dcad651e9a7195cdac,621
d1292adead144f96a475b206740c6751,621
6e52d2ccd68b47beb10425eceebc6b61,621
bdd0a805e1ae4221ad30ae2194c54b3a,621
0d534836e66245abbbf25e19c56fcf8b,621
351a54bc74c747ee992474d2221e271b,620
28ca2ab47aa74b83ba5b7d3a2f6720b3,623
1135f59a04b347e6aefe16d5fdf783a5,623
ddd9731f084f43c8a046d8252505f537,623
1af03a98f5cf42708641aaae64388b17,623
078518979c7646cfa8bda8fe0051e7ee,623
3b9e8b6b49b1462a9b37ea99d0f0f24b,622
3cf5788a1c424fd48589359ba53b54ee,622
44f21355de26442bbd02249f873d4b53,622
8d421fef17fc48d4b549603a39e6f3b2,624
31388778dd834aee9ebdab2ad880ca0f,624
0e75e768d5ac4918885ab7124488ec52,624
464f0c58876347dd8990c59b155ec53d,624
2c7b1a24d32d4c2f9f310613ff674e57,624
14836c3e0d25464d9f3bd9c3d0158c4d,624
3cfd76b315ba4032a3cc4c9abfff78d2,624
9529a0471dc4499e937cea12554f94df,624
ef2ba7e24dd8440ca82df1af091e1414,624
67f46c5f8899487691ec9d36ffd95d7d,624
ba3bc2480d75476fa9dc51c4fdddf217,624
299b17cf35604c9fb8d731b526566b3c,624
a12d3b0a3d324c218dc45675867531b4,624
6d7b7ddb306441efb42b99c1cb7912b3,624
a1c546733aee41f1bad64ef0c7d4740e,624
39341861a10245d2a41a75048563548f,624
e4db38c5e3fb4fb0a459d74f49f7642d,624
e79d807b4a664d53bf670b380eff820f,624
e50b1948a7434db6bfe8988f36b2c470,624
d68b383643d844cc9d94b8f798f2ca63,624
e482045d183742c986e243782881a8fb,624
ccbe7f307f524acc871cbcda7e883ebc,624
4b83e19c91a8417ab85902929a688e3c,624
5b2153ca730043b9b675d16af130862c,624
accfa88d086f4991a9b5d85510d1b577,624
bb98fa0831104692b12ac8b4d9c190ef,624
385521f2cc5e40eaa75bdaf2b778e923,624
443a681bc6a747ac8bda17210014a785,624
e6ab370c5db04e00971a2b508df751c0,624
59c06e6a78e548ba89ced4ea4c46c382,624
76776a74626249a08b9ddddade2907bb,624
2398ebd234514b749273a776855d7e35,624
700bf68044224b2a8344fee7dca526f7,624
e0a1eacd54824b62919a35e5df00ca03,624
ab93d7c9a9bc4652a76435c275a3e3cb,624
93bf8f6627984effa7dbe4b71b021a33,624
a7b32e5e61954352966bd8bfa0c05f87,626
27260e666cc1489a840469ce138604a2,626
8a1d413154fe4bccb91a6530a07833a9,626
674f9ebc75cb4d00843c3de5c2effb10,627
5ca4878f990145c6819c2c0c477bd376,627
c838e87a5caf450f81a7d37e5f4159a9,627
a9e5b702b6664fdaad5db880ba428c58,627
3d829bc986634bc287f59bda5a14a832,627
21ba9a2bb6344655ba601988605a8eb6,627
243cb7c9d88547edbba6c63c0ad35790,627
ef440766dd85450ebda8aab03e553999,627
6519441f4b0945dca3750c57d2bc13ec,627
b3352ff8d6be4ec09a90cfa6047eb1cb,627
391a797c790345ba8ffb586aff7aba57,627
a6e76034e6b94d12acd57ebcc1ccae3b,627
c82146bb6e1c489eb55f13dad48205e3,627
97a19f99f07d4e949a5ad4f6c4266cb0,627
09a3aaec9c5a4df68cd1169cd8e8e175,627
e0b9edbf0470494084fff0de1f305bab,627
f1e2d2d15add4eb081e066b3f7a4265f,627
62de935b3abe4beaac38b90821eb28c3,627
2bb6440181a44b31b62a4712b285cfcb,627
7035ff4661ab47d29ddefc2192750ffe,627
73249953564847ae9150aadca1aa8cb6,627
3c14a4ff62bd4513b22786f4aef8d585,627
6edfd6c9bb31404fa8f8c6bc256b9b76,627
973b26c4f4e0468285ce4bb1cf2677e4,627
36b44533474246eea7e5fed9c3f8952b,627
169c9818391646ab9e9072c12e659110,627
9f6b86fee0d94106b6c1d3646cb58195,627
771b60ada27144d4b2fabb28c20ea4ec,627
40af762a206e4122b86d3a0c708b9f91,627
b1a0f17c537d485d8056376ed523f9f6,627
ee5cd627c2c342e9913f45ad5992cfcc,629
6e908ecc44a646a894dc7323d99ce35c,628
1b094ca996e6428f85b7510259c7e4da,628
c104854e04e246afab37b95a9dff5a75,628
aa5cbaba23834490a5dc40e7069794f7,628
e94a499699c84ed0b16f7af62a9982b4,628
5a6ac0a133f2462d883f6ba927e0081f,628
4b53a8d1b273476688414e14e28ee700,628
19df5bd37c484182abe8bb49b7b75cc6,628
598e78360d814e8fb2b90addafa74e7b,628
08617a1a7ed74a24809b8088eaab1524,628
f15b7a08161348f28956fcc934ecb85e,628
8a232dec14a344af9c056b25b936bd18,629
1d6244affdc54411a46b0fae1196fe3b,629
168b19cef5e44d949fa170874f3e8f69,629
273efa120df44f0fbb325aada85f82ed,629
b5fbfd64bc314b64b313e34d4d132c24,629
7dd19e395aff45e38ccd336f8545c85b,629
35c8af601d82447ca9a7b8caf33731bf,629
c51bd5ea59b64ce7926d0ed4729a1c07,628
9634d448352e460dbc93e61ebc62d482,628
b6e7a4b9c6164e9ab01f2af8f196e3a1,628
16f6a698245f4777aaf7a9b5a0ea3ec5,628
796550e1ec0046b1854ec2567cf54d3a,629
8591836d79624ae58e083e879155c955,629
f358d16175fa44a7a7d3c6cdfe9ab967,629
cabdcedf3dd24ad8b963f75c5b9a13d6,629
e7ac04ba41ba45b1a4e579656f43ed47,629
5b83a14f43c645f68402d146e2cf389e,629
ffe3c7c04aff4143a5016846e4d05c2f,629
d2b867dacd1e4794bbbc7102c98012a2,629
0a6677193fed4a2aa5ab78e406dc49ff,629
eafb257f59a14306b8942c7582a115c6,629
354a0affdb014044b2bea701462c6c58,630
1a3fb879525d4894ab9b9a63f970a81f,629
6bd69b5807a448f7927a0f44d4296c99,630
1e086f4258a24ddc824a4d9770ad9597,630
aa330320443749b98e33cd716a520037,630
44e09ac9026f483b879f6fa4e49d30d2,630
e057a6c9b0334efd9077de05635df39e,630
41b4f9f58df34b1d856a982682076326,630
7b3363c3fb654097825195824b23d5c0,630
5e03f081a5b5456cb2a84e0aaa935b07,630
85b90a1997254a62b2820513cf7302cf,630
a2624124583a4cff98a93f04291403c1,630
9e9a5a4780724a66beac2d6c60c45232,630
51592e33f77d4b288253135766dad8e2,630
dcf2df7cd0f148b8a5db78a9e533a0af,630
e354be19300845f28536de5a0814486c,635
3ced22a28b304d1ba760932f5c25b014,635
b7bd67f141af4593931bd45ab06558f1,635
fcd41b967091472186ec9928a508f01b,635
132bda3e0a264be08c81bba1660290da,635
445a4720035a416bbf80ad871f4f60c0,635
a6cef022729345a6a9504dd92f383586,635
484bcf677b644be495033a696b8170e4,635
9dc2160c200f48dc8649f91b55dc57c4,634
351021eed59a4bf3828d93454cbc8271,634
4bf2f4a1db144e69a29f54009c0fffd8,634
80c2b215672b47108e3c25987a15cc2f,634
b997f0b252bc48039d9d1909df8657ef,630
c6a29f5405f94d2fafb5500c658e293b,630
f5044888947043bc8fffd25404551d21,630
9f8808928766458998bc61159f2ffd13,630
c5b5e59d8e78438e8c7006761ff4f4a4,630
6eb074d511d045d0be77f07a5fec297f,630
d564fc5578b148e689b11cd424f577b9,630
0edb7f8568b740708c26eaa0a1b52bfc,630
2eaf6ad5c7884c748a657e01411a77b9,630
bdc930b764cd47a59f586ecdb77c7558,630
ef350de4e35f4746a38f21f925e9c5bc,630
bf40267be2cd45bba77e27565cecc5e7,630
9e545e8b5e904bd8b92cb9807815e803,630
2d982d1fc0274f949775c22136990da0,630
1891308c6e6d4dc896aa82130fa70cee,634
9fc727581b174e5095680b0e567181db,635
a1be55de7c184ef39e2bd9c7fa5c9307,635
5822f8d42f3f421699f0611edd4167cd,635
96d8707ceefc4ee8813c5dfab2e593d4,635
eed5b86998384c5e9e67fd0cb21d1031,635
a09991f77efa4ed79b8ed79382642181,635
98a787091cc74bb99c97afc1b7746417,635
40097d0d3d254fa49087e1e022a8f9cd,635
998611673d06469bb4664655e405f709,635
abe89d9d35d04343a8736a542859c3c2,635
4f7bb30bebe74052bd0a6a002966c87f,635
f62919c0098f417a91c148300a87b8c9,635
77c24ed4eb794a029d0efc58f92c0984,635
7229185fdfb643db98fe3875147e14e0,635
23cba322dd6646fbae8c93288bebed70,635
6ccf9bff55ec40ba8c074068e3aa7f37,635
85beb7755ae7438794d342c48d5f0c93,635
8961f3e7e94e4ccba6289435f5e1c17a,635
627f5b6e890544f7aa5e39cdc84aa214,635
08dae68af50b45ff857b89b2c6cd6c5d,635
b10ac6ef3c3b4e75bdc4661ea8edb611,635
b2f62eeedcad4ecea5e3d86f6494267b,635
4b237de6047242a6a50ff2fa0926f6dd,635
d25f3ba539f84d35acd067a06c913312,635
beadab3212d54f6387bb4718b494a077,635
553ec2f13ff242fb98a55ac2f5f3b051,635
7a5a1c3b70e54556b6c675504c6f247a,635
5afa137249be409ba18fa7cb5797ca03,635
49182adac91b4de0a5728728e65b5b37,635
41bfb9257a264b4ab0c684fe5ce56102,635
34bf889c9ed243adb571485b99e121ff,635
3de01f5758ad4c37b48b254652b2b97e,635
ef9b42b16f5c4c8fb3db246b23a28c2d,635
df576f2c507d45539b788efd263f342b,635
7bb3c7ebe1504483b9e23ac061c6aa05,635
b8d5e35296da4344bcded09be5e4b96f,635
9ee6b2900c524108a8f31e7ffcb0529e,635
b1bdbd4a997f4bec9cd06220c00345bb,635
0873fa944c5244cea0aadd5c5feb3548,635
2297f8a852614003a3d77054286a426b,636
3c76bfd9372e41c381f66a92a1a620cf,637
aef0dc8fc9bd4d49abcb2fee0bd8a331,637
ffaad3480def4d20bb2a69a6b90ea212,637
04466d5977844835969855cf231f8e17,637
e3bcf1a3ed1647eb933f788e5badf684,637
a912bd6f8249495090a25b282a29cfb8,637
8802af8f29f946ed86f0e39b51032134,637
a4a88f3b67b444ecacffd61f4a4c1fb4,637
2f3448c351b940d2847df9a186d78e2c,637
e847c51103b9411a925339da1a4c4259,637
e4e825bd995045b2bbde400b863de1be,637
300014013057424fa36360a38f952d1c,638
c269d2d51a52444eb2f4184beffa926b,638
f244976e56a44191b72c29aaa28ff508,638
1faadc1e45ac4bba80331716ed20ec0d,638
70ef61e54dd144b7b40096952356767b,638
da3045c538664e65a7bb4b77863c9950,637
05c08da956544553964fa12c0d11c84f,637
a2c168e3b1d349c08c3d6314afccecfc,637
ad45bd8634734d9b81c6513b82c731ef,637
9d702f1b358146ebb4cd03818f303165,639
63200ceb02384d45a91074e912958c93,639
a2549ffd3b8841b28d78be8ca49de402,639
27ab907ce08d442190cfc880763fc047,639
5accb1c6f080402ab08cfadf26e213cd,639
034572863066436d832e4454f7fa3e83,639
846e5e5cea044803a8ade4babdf9726d,639
7039fa78ecba4a5597e3c11172d0de2d,639
3d2618e2b3674dd481b30f2f8db07351,639
8181b48103d7434a811f604cf08c7925,639
32c84a98239b4f1399645d10a4890ac1,639
eaab341b5e1145b6bf0daa4ad4d1f07d,639
a86e03ed66e24d9ea721e448cab8482a,639
c173cb772cd74910b0c088886dd67a23,639
a766dff0d9544768ae3dcaf652ac3733,641
9f39c8c7195f4faf8f341af1338c5ec2,641
a3a03d880eb3483888c42d5837a6c5b2,641
18dbc4c277c142c39cafd8613687846a,641
ac910dcceadf4b168e718cde65803179,640
12109b65cad542c1bee21c056ce18488,640
c6fe9e6e21ae4106b04838745d0e2097,640
02181585d62c43f28f45ac04769ad1e9,640
cead598630f64957b47cd72f88abb249,642
a944513f19e140b79bde9341d6cae8f9,642
206916c3696b44638b405028228eb37d,641
63792da2cc24448a87db9b1080e377ea,641
730d04d98033480c93b7da6fbb284af1,640
46af1a83dd1e42b6ae47a1e1f7151d3d,640
9a5f84a6635d4f0fa65076dc8c9aa60a,640
037edfc699814c669385b5c2ea0f3768,640
319d38e917df43248b3d10fc1442f6b2,641
bf015de1fb864052bb91ef9483f680f4,641
7fe75eabd05c4ceea9a77411441d7081,641
06647cebe5be47a8be3d0095aad15486,641
87c9f7caffb148a581d4f8a23ec31767,641
a66697e8c4c84dcf9cdd741d9c17980c,641
c2e7303628594cf5b87b0ddf8341f14d,641
a3d303035ed145f9a102756930c14e96,641
19d4744fa1a944daafb69505e5407c0f,641
d246ded93a474fa7a72dbab3fe452dbe,641
bbacd1f53434410fa48c82385a371a77,641
ac2bae58883b4fb1aa9a20f396f16ffe,641
ced222cadfb1460da868b982548d752c,641
dab6a1d108a84bd08b58c8f3d9fae739,641
346ce8ccbdce473d9f7023b165a1cb79,641
a1c52db899a44d71946ccc539b1044fb,641
cfbd52e2f6874f0b9f6be411cef90b1b,641
57e779638ade46cc981dd20a6d7dedfe,642
867210017f2349e4a87672a955885f6f,642
3878b199ed174ffbad7d11e6d10e8e39,642
37144033f2f24e9e9419528a9bf6866a,642
2025f9c4199f4eaaa223aef59136b36b,642
34b5585763514833811599ddebb872cc,642
d8b842b5fbf5443294e18d3f78a63dcd,642
365e132cb2f4403db486a22d5c7f79cf,642
1b391fb13b784b8a96c9110af02a1a52,643
e11d94e98ffa4b7998c7e3bf5adce9b5,643
2f6cbea0f2274aa1858a76b2f832e419,643
0430dbbd526b4e9da8b90e0ad88365cc,643
43cac919f84f470a9926c6de42741980,643
4ad32025efb3495daf650d93d3ee218e,643
1984c419ac9b47af9a54b9ccd071b7ae,643
e518543d86a24bddbf57d536143ae340,644
25b4056795094efcbf51c5f4cbde0bdb,644
d2ce5f6072874044bb854808d5cb5e88,644
e5998254dc0843a8a96a1998c193492c,644
febcca12f2bd4b5eb67b28734db95ce3,644
5ff82803353f4ad49dbcfbf02bcff7ce,644
55e156e0cd264aa0b7edea69463168ba,644
0c835ed1b17a48b3a4fa0c8540a590db,644
a0bda7d02ce448c9846ad26c4277611c,644
167af4f8770e477a88bd0abacea2e4cf,644
4dcf4fb1d2a04b9d977b8f65e2be1346,644
5fb4e8b013344b3da6a7ef4ba75f7f01,644
f5038fa02fcd4ebdbfe8498742c75b96,644
029694f120e1465c9b3f2bdc74ccb08a,644
3bbf0ea7a3cc4057ab340175b443cf50,645
c539f648be77479bbf897853883b1a82,645
f8bb517af54a43ae96d49d52e58e5704,645
93ede812ac5f4de98ae72474c3ec0d08,645
142d6572c161495da6be9ca311afa219,645
aced38e808a24b4e89e7a47c6b14296e,645
9ce755b933464d5eac37c1fe4802829f,645
506dc862fdb640949e485fe6407f74e0,645
eaa38a7f561f411a930b4bbd8a3019ba,645
a85a4632bc7f48018d0cfdb99734973f,645
1974ffd2f7a240dd86402d42c4a60c05,645
461ca52c4daa420ab4a8a4de65795b87,645
bb28cf0778274b1ab8aab660a368aec7,645
752ab2fe4e25462f8b1c9c23858f811a,645
41a5ded542d84083b07f82ef66c1c330,645
0e9eb5ac43034f7ea82f84f04579c3ad,644
17af5d11aac849869380e53a2fb28752,644
3450e19f3f3f4438a7257c919ab03619,644
0a37618394044463a7ebea88f7858c48,644
b6ab9207195748b69c4ae7b32c692061,644
c71c0aef3fe047abb5c5380460bf83aa,644
821a97a845aa4162ae2dca84eccb51eb,644
3ec1dd96e2fd4834a746ec1b55051bbd,646
93367191b3014edd84d5839cb3e0bab4,646
f6306a7c3b314bf18f1eb27f7abc41cc,646
02fa545a942e4212bb2437869f83364d,646
63fa1666c6b345a4859728136cc58cc5,646
c45d4d0ab35347129d2e5e25465bac25,646
6e00af42d1d943809ec8bc317f966127,646
7dbc2a17202c42be9da2f982468f16d6,646
2831cb1ffb024f1596e210b18af536a3,646
9a6c203ab0474335a90e80689cef2b0d,648
3aae8fa30d214326baabc64d7ed96a4d,646
43ab08d2e8fa40ebb15a04150eaaa0fe,646
7adc5eb321f344368a43e5e335506875,646
ba9d81e809b6446b91cb85c7255cb0c1,646
ecce87cab84246b3856f324dbfe7715d,646
68c2ccc612254272ae52182c7fd45183,647
151c592fd4c14bc195f10bd7fcfdebac,647
3a6abba0e5a94285926084cacdd864ba,647
94d7a729c79f45ccbfdfb4fb91cc654b,647
ca7da14e394f4902866f83e8015674d0,647
502de878dba44c1c8b3060ec9b7af6a2,647
23ea7a22dc874f1db196a2a0fc220e2f,647
aed6818a62064457802393f8a4a3a4e9,647
34be619b3b894d48a2b9d8ce2e71b9e6,647
4c4b0a4328894abcbd5417073e680475,647
9e8de8c0ee03481c900e0a0630aad7f2,647
462aac2b48c1447b8e684785a6b4cd7a,647
b26564bc87d346949cbd54f1827cddc6,647
75f0f34567694d5c9b0f8c243251bea3,647
7c026585537c4de786ca55e6262a4a2a,647
57eaf2adc0ca40298856a5250eacfb58,647
16cd2eaceef446e586e9a4bcc3b7bc52,647
284aab8ab8a04581b279c0a266d0a4ef,647
b1bd608d18ad444ca6131343040ef9f0,647
6f95cd76798f4123b8d4b8121bd80e1f,650
125721dcaeb44221a48355b8df02e7c5,650
44c03989294244f7843467ac3375a4e1,650
f563332132c74aa6bfd3d32f429d847b,650
c36183daeb2e4a869264605732cb375a,650
c01a47d64ea3444aa6649a82c82d47c6,650
4bffd1dbf0194925a0354818906f8c0c,650
9e4374b7c89d4373ac347e84f3dd61c1,650
0dbdb93ca22a4378b18c6933c44127c1,650
caa1ed5f94cb4363806df7745402e545,650
874a5f4925144049a8b65e5e5571b038,650
9b918d360d534baea2cc4bf2beb790f5,650
2fb1c2bb8e4c49998b1d662f7f8f2bc6,650
ad8c74f4eef746dd902d8185132799f2,650
0b32fb8940714a6a82a8015fc516751b,650
78aaba7fae764ac6adf2b706cc02c90f,652
2c516401e46f4c65adcf56f890873b34,652
242796956e774df18efcba63f8d3a72b,652
10f2e4079c7c4e629cdb792abe79313e,652
7f0e438f25cb4040afaad265fcb2547f,652
0f7e8648c4a9493d92ffd9a897c03bb3,652
9a920879f01642b09284bac96d287641,652
2ef15ae804ff451f87ea09ea12713cc7,652
8e8cfd36e7c44246ab866e3345470506,652
d1de4f12589246cc8773ac7d2ae7f155,653
eb1f2ca48baa417ca5cfc07b83719672,653
6a885fa9845040ee939ce428f5392680,652
99a5815e75444afab62ff49774bf667d,652
919cae1b88c945859f2aeb02bec3859a,652
ebcdc480fb834ddfab712029cdcf34ee,652
9762d1f274a3438cb320b5f7d24fc557,653
bd3317f654f7489cb1363e83c47cd022,653
874c95c59e75449eaea8c07ebde80844,653
a1d34824b8394843910eae49655a630e,653
ca783a8007594e888cda4d2a165f10b7,653
ca7d5f6be79741daa4d58ac06e80a1b3,653
1f9a3160e9f54011a0cd1c71d8856855,653
e9bb5b97caf44d16a5cc116fb70e38a3,655
d487d5099f354f89a72f04a74ebb4fa0,654
62c2062330514341b88cdbd368485eef,654
64f9d3de5337431f8a2f8e4b0630c9b1,654
5667746d39c344f5b1f7255e95a9b494,655
ee571c98d5514d019abe7e589c3f635e,656
6e98b6d3bd264c2481fb3cc3d2cd80c1,656
8236ca516f45402694bda2e0df6f2e76,656
ff82d9ea4a864ce489d457125b16ed91,656
314eede3d787401383515604c3ea5d95,656
90a7ba8009694a9eb2ce8bab8ff3fd44,656
413752a2a9db496dbdf84fb482e610f9,656
96dbc38931f54fcabb5183097391caea,656
7b86fbd4d8db4b79a8913d1d294d2abd,656
c27340cd0850468198b30d84c6c747b4,656
48ca957362714d41b5503249efeb57b8,656
dd8fdfc610764fab858e925af6d79d6e,656
1faf1889ddb7443e8f94e7d2a42793e3,656
170ab50177164881907c0e65184a35a3,656
fc7ff1d5b54840e89b0d1b60eabfe99e,656
c940d797a80244a582b0df729bd4784f,656
39a0ee1d6f22416eb4034c756d7cbd9c,656
0ace729685fd4e0abaa21c47d2586bc2,656
a3e7007212bd408285135cf8af5769ca,656
91fadeced79f4d72a5a7e69ea830a43e,656
9e07aa410ae04f45bea7840875c5b867,656
afd592f016c94f238aab811dac26fc20,656
43c6ab4d2a694bc2a80e015594f63d2c,656
3f9441c37d52469f862edd77f109e331,656
d5c679d8c7c14ddbbe6b62eeaec90c50,656
8952714528d24ac09018caff6ef4b660,656
78c1d2edbe464b56bf12355f056bd461,656
22d99cfa5f364d8697ae2e24e68700b6,656
84c29b782f7742b088c4fa94b4792513,656
c843939c9b0548a4a9de7ae07c85c84b,656
113053b0591640308437006c5132c769,656
b0f1dae2422c4ccc80a39f5b23a49ca4,656
eb321dc46ae7492387a2460256c01643,656
33b1afc54fea446499e66da297ff32b5,656
1e4c1093e78749c798590b093ca9c9a2,656
1b9c1e5d818e474cb93e19d19ce5d1d1,656
0631fcac47fd4a8b876e9fcc0460bd9d,656
eeb5ec2646f2409e93fcad1366f5d418,657
d76c38bccb6c46afa715cd8574187d60,657
7026f298f9b64b80ab60232404a768c8,659
27bde496cd584085ba7c4abf950ea0e9,659
07511fab96b44774898878f3f50b323b,659
f531482aca9c4cc78881aa2a110a3548,659
1b5d04f9245442b5be2ab2a9029ce5eb,659
60e0b764febb45d6bd9c14cbf12a215c,659
c83c869bd6f541b69a5d47e98c2d87ec,660
ad797de3fddb451f8696fa0268d07a47,665
075348881fbf46358d669462e011cffd,665
d508010b6b8f44a3bbcce532821553d5,665
e1319a656df34ec296010ceebe5c24a2,665
39f776d62271402ba57e2e67b6d84ee9,665
98f86cc0370d4420ae994d07dd4e4a86,665
11c8e1bd92544f338a079c68c5516ca8,665
1499987be3174117bf56bf705110e5f2,665
1274eabed2384021af15e3bdc029fc2c,665
f369b3f19da84fd68105750819cd37d3,665
1b7ad0fc3fa84b7e970f3432cff8ae6c,665
157cecdd66734e4381635a11dc8fd7fe,664
2381db19c40041e596a7dd2948a786cc,664
fef6340f72d642f5ba8a7051df457b51,664
6939a4dedae44accb4bfc52055b102c8,664
7a9a3b450eee4c3d840be1d72e9caaa1,664
12c07f414bdb4413baec661614f51251,664
f1c9194de33a49eca54992302643a2da,664
a2bc1394bd9d4b80b9b267382bb5af7d,664
2b8a67c095544f51a1ccc859b207f0be,664
ca330c3c146f448090f3ea4be61ba0c7,664
8381240caaef4e0a97fc574d99c8ebea,664
b4f7101b8c2346e8b378fc436c711597,664
6e613a3ee65445e0b11314803697e090,664
78a32d16562d4ecb8f00195aee1530c1,664
302fdd17816c4045a16cdd3b13e0c0a5,664
2beeed9432274ec69a23035d18942a4c,664
281fe630ffe24bbf96a6cb0387d7f115,664
105572d23c254eb189ea2f7940edabf9,664
270357364a8c4c319a06bacc620db021,664
af0d8cd8c3664c40bd435a8bf6d13dc0,664
781232c7f7f84fe0ac2b33ade73bb1f7,667
cf1c0db8e57544a2bacc8cfdaf5ec057,667
17c5c7cc546f417a81aac874eb66693b,667
df9d22314ab64135a146b32049947565,667
deab3590413d44b3b1586e8b5f5cc536,667
894012cea1af43a8af496c35dff9f98d,667
90e0ef9047804099831ff6a733be90de,667
d70ce5f0711a491d927dc6d7c3f9aa33,667
ebc5e1af88244856886a5177e356eacd,667
27f209ce2a99450e8c76c72b8d2dec7c,667
625ceacfe7d549288ac4d5c0260eebbd,667
596e6f2e31d548d49e1d1e4b6cb75c75,667
ec2289de705a4f5192ce80792bdce77d,667
c944428f6a024e43b36f98e38f70bb36,667
e8bf4c9ab4b44fe18fadd2252c2a128c,667
289e421da18a4ec8a819f6053662cff3,667
547448612ca946dcbb45f4f8e9466fa4,668
e528b0eeb6db476d98f7f9dfe2ecabc6,668
5582646fc79d4e65a0c9c13d1644e266,668
66cf8532ab5745c69587fd55caa77b69,668
7e1cdbf848c34cf89bb6eaabb47898bc,668
9cba86b2aa1048ab9b02db2b06ef1123,671
472e792c74bd4462a9bbb1cbb39600bb,671
664bda970cbc41da86ded447c4dcec06,671
050d71ea25c54e3aa1231bf86dfdcde6,671
0ed48a57c9e24042be707563ca2851eb,671
d1b4582c23bf4b51961c6ed7050cbf80,671
d0447c7b8c1d4abf97ab0edd8bbedc87,671
4132cf31280643ec8a4cbaa6671c4095,669
18d399a5cb104faa81e0bc4fe679d5a5,669
5f104c6320c74fdf871a57c9dad4c9e7,669
d6e7e6d480904219a88426508b27fdf3,669
dcddbab8cd4c41d993fde7bf90a8a773,669
ab65c4c80ae642edbf299eaaf751bfaa,669
c4b49bb38c7240c1bdff6dd370a015ed,669
2c11b984c9104cc0bce0a948144ba6d4,673
6e7dcf3eaee748498aa17aa1ac7996e6,673
08facac3c44f4f9da4f436e9b5f7320a,673
c4076cb9f6ee4aab9dc156714d4e0e10,675
5ccae0ec6a9f424da17954c58a82778c,675
cb51588b1c0c4e44adf60ed6765fb478,675
881b2c2e80cd4b13a9d821977521c239,675
1b04b89c4c6948b5ab5763c38ecf6cc5,675
36a40ecf04da49ed9b8cbf7225a3c8c1,675
763915c1116145059c39ef604c7c58cd,675
9d10f511d0ae49ea835d8bdddb26395f,675
075a8ebfe28c40ae96db1349bd6994e2,675
1e0fef28de5c4325963e3c28ffb425ab,675
694ada5bec02437bba682225177d013f,675
0d5940bd31634e608542daff2a8b07e6,675
320589e12f644317a7b4897f43d1b28b,675
6d4b8f23279544498201af4271128d9d,675
05e2c874b7334ca0b0cadd30b1285b37,675
08e8d946ccf24f9794ab7d9b31a2f721,675
e10f162ed7c14726a17f73b3428b4883,675
980b04f7502c47fbbfbf6f425832f73a,675
fc9c60c1b4524382a396ca1a8739d2ce,675
c31949f097934548b2cdab681178c0be,675
490341970a6a409bb7a384b42bec28c8,675
2fd394a9f4794b40a7159d094202eaa0,675
ab48ca04a1094606b3740d487ffb05e4,675
1db5207f9d0541c4acdcd33b712992b0,675
de45a4b3dbdc44ec8447c003635c8c44,675
ba5932bafaee4fe683b249f687564f16,675
